"CODIGO","DESCRIPCION","ZONA.FISCAL","PAIS","TIPOVIA","DIRECCION","COLONIA","DELEGACION","ESTADO","NCOLONIA","LOCALIDAD",
"11404","JEREZ DE LA FRONTERA","","","","","","","","","",
"41350","SEVILLA","","","","","","","","","",
"28609","SEVILLA LA NUEVA (MADRID)","","","","","","","","","",
"82084","BARCELONA","","","","","","","","","",
"11590","MESAS DE ASTA","","","","","","","","","",
"08025","BARCELONA","","","","","","","","","",
"18007","GRANADA","","","","","","","","","",
"15155","FISTERRA","","","","","","","","","",
"11500 ","PTO STA MARIA","","","","","","","","","",
"28082","POZUELO DE ALARCON ","","","","","","","","","",
"41009","SEVILLA","","","","","","","","","",
"14008","JEREZ DE LA FRA","","","","","","","","","",
"08304","MATARO BARCELONA","","","","","","","","","",
"41102","CORDOBA","","","","","","","","","",
"41908","SEVILLA","","","","","","","","","",
"38436","TENERIFE","","","","","","","","","",
"42001","SORIA","","","","","","","","","",
"15000","11500 EL PUERTO DE SANTA MARIA","","","","","","","","","",
"36390","OIA (PONTEVEDRA)","","","","","","","","","",
"28020","MADRID","","","","","","","","","",
"10195","CACERES","","","","","","","","","",
"11001","CADIZ","","","","","","","","","",
"91570","FRANCE","","","","","","","","","",
"06010","BADAJOZ","","","","","","","","","",
"18131","VENTAS DE HUELMA (GRANADA)","","","","","","","","","",
"28919","MADRID","","","","","","","","","",
"33910","TUDELA VEGUIN (OVIEDO)","","","","","","","","","",
"11187","MADRID","","","","","","","","","",
"34003","34003-PALENCIA","","","","","","","","","",
"29012","MALAGA","","","","","","","","","",
"04150","CABO DE GATA (ALICANTE)","","","","","","","","","",
"46930","QUART DE POBLET (VALENCIA)","","","","","","","","","",
"03530","LA NUCIA (ALICANTE)","","","","","","","","","",
"23680","JAEN","","","","","","","","","",
"15124","A CORU베","","","","","","","","","",
"75016","PARIS","","","","","","","","","",
"48015","BILBAO","","","","","","","","","",
"80-294","GDANSK","","","","","","","","","",
"08800","VILANOVA Y LA GERTRU","","","","","","","","","",
"004","SEVILLA","","","","","","","","","",
"41071","SEVILLA","","","","","","","","","",
"15403","FERROL (CORU베)","","","","","","","","","",
"07560","CALA MILLOR (MALLORCA)","","","","","","","","","",
"21200","ARACENA","","","","","","","","","",
"28330","SAN MARTIN DE LA VEGA (CIUDAD REAL)","","","","","","","","","",
"30562","CEUTI","","","","","","","","","",
"41970","SEVILLA( SANTIPONCE)","","","","","","","","","",
"08459","S. ANTONT VILLAMAJOR","","","","","","","","","",
"49007","ZAMORA","","","","","","","","","",
"83200","TOULON","","","","","","","","","",
"11311","PUEBLO NUEVO GUADIARO","","","","","","","","","",
"26005","LOGRO벮","","","","","","","","","",
"13140","MAIRAMAS FRANCIA","","","","","","","","","",
"28702","MADRID","","","","","","","","","",
"33011","LA CORREDORIA DE OVIEDO  (ASTURIAS)","","","","","","","","","",
"18100","ARMILLA","","","","","","","","","",
"06196","ALDEA RETAMAR","","","","","","","","","",
"09110","CASTRO JERIZ","","","","","","","","","",
"07250","VILAFRANCA DE BONAY","","","","","","","","","",
"05297","PALACIOS DE GODA","","","","","","","","","",
"02600","VILLARROBLEDO ","","","","","","","","","",
"36204","VIGO","","","","","","","","","",
"11312","TORREGUADIARO ","","","","","","","","","",
"36980","O GROVE","","","","","","","","","",
"11405","JEREZ DE LA FRONTERA","","","","","","","","","",
"93400","ST OUEN","","","","","","","","","",
"3000","MURCIA","","","","","","","","","",
"14350","CERROMURIANO(CORDOBA)","","","","","","","","","",
"36546","SILLEDA PONTEVEDRA","","","","","","","","","",
"11591","GUALDACACIN","","","","","","","","","",
"92160","ANTONY","","","","","","","","","",
"18008","GRANADA","","","","","","","","","",
"13730","SANTA CUZ DE MUDELA","","","","","","","","","",
"28703","SAN SEBASTIAN DE LOS REYES","","","","","","","","","",
"28083","FUNLABRADA","","","","","","","","","",
"1153034004","ROTA","","","","","","","","","",
"18194","CULLAR VEGA (GRANADA)","","","","","","","","","",
"41010","SEVILLA","","","","","","","","","",
"29602","MALAGA","","","","","","","","","",
"04740","ROQUETAS DE MAR","","","","","","","","","",
"7030","MONS HT","","","","","","","","","",
"11250","ALGECIRASDE","","","","","","","","","",
"46900","TORRENTE","","","","","","","","","",
"41909","SALTERAS","","","","","","","","","",
"39770","CANTABRIA","","","","","","","","","",
"14102","SAN FERNANDO","","","","","","","","","",
"15621","CABANAS","","","","","","","","","",
"4701-970","BRAGA","","","","","","","","","",
"38530","CANDELARIA","","","","","","","","","",
"15001","CORU베","","","","","","","","","",
"23650","TORREDON JIMENO","","","","","","","","","",
"410012","SEVILLA","","","","","","","","","",
"3930","HAMONT ACHEL LB","","","","","","","","","",
"33012","OVIEDO","","","","","","","","","",
"28021","MADRID","","","","","","","","","",
"41568","EL RUBIO","","","","","","","","","",
"24549","CARRACEDELO (LEON)","","","","","","","","","",
"11002","CADIZ","","","","","","","","","",
"06011","BADAJOZ","","","","","","","","","",
"41661","ALGASMITAS","","","","","","","","","",
"36143","PONTEVEDRA","","","","","","","","","",
"34004","PALENCIA","","","","","","","","","",
"29013","MALAGA","","","","","","","","","",
"28300","ARANJUEZ","","","","","","","","","",
"41940","TOMARES","","","","","","","","","",
"13420","CIUDAD REAL","","","","","","","","","",
"41320","CANTILLANA","","","","","","","","","",
"21449","LEPE","","","","","","","","","",
"11560","11560-TREBUJENA","","","","","","","","","",
"18690","ALMU벤CAR (GRANADA)","","","","","","","","","",
"15125","MUXIA","","","","","","","","","",
"03004","ALICANTE","","","","","","","","","",
"14505","FERROL (CORU베)","","","","","","","","","",
"15404","EL FERROL","","","","","","","","","",
"49008","ZAMORA","","","","","","","","","",
"14009","CORDOBA","","","","","","","","","",
"29230","VILLANUEVA DE CAUCHE","","","","","","","","","",
"14660","CA벤TE DE LAS TORRES","","","","","","","","","",
"08150","PARETS DEL VALLES","","","","","","","","","",
"30564","LORQUI (MURCIA)","","","","","","","","","",
"10600","10600 PLASENCIA","","","","","","","","","",
"33416","CORBERA","","","","","","","","","",
"11406","JEREZ DE LA FRONTERA","","","","","","","","","",
"50001","ZARAGOZA","","","","","","","","","",
"23620","MENGIBAR (JAEN)","","","","","","","","","",
"11592","NUEVA JARILLA","","","","","","","","","",
"23000","JAEN","","","","","","","","","",
"08027","BARCELONA","","","","","","","","","",
"08120","LA LLAGOSTA (BARCELONA)","","","","","","","","","",
"21760","TORRE DE LA HIGUERA","","","","","","","","","",
"07500","MANACOR (ISLAS BALEARES)","","","","","","","","","",
"41011","SEVILLA","","","","","","","","","",
"19001","GUADALAJARA","","","","","","","","","",
"06260","BADAJOZ","","","","","","","","","",
"10011","CADIZ","","","","","","","","","",
"15002","A CORUㅂ","","","","","","","","","",
"11530","ROTA","","","","","","","","","",
"10910","CACERES","","","","","","","","","",
"28022","MADRID","","","","","","","","","",
"03160","ALICANTE","","","","","","","","","",
"11003","CADIZ","","","","","","","","","",
"33199","LIMANES  SIERO ","","","","","","","","","",
"28921","ALCORCON","","","","","","","","","",
"38190","VILLARD BONNOT","","","","","","","","","",
"34005","PALENCIA","","","","","","","","","",
"29014","MALAGA","","","","","","","","","",
"07810","CALA PORTINAX(IBIZA)","","","","","","","","","",
"29200","ANTEQUERA","","","","","","","","","",
"75018","PARIS","","","","","","","","","",
"13700","TOMELLOSO","","","","","","","","","",
"41600","ARAHAL","","","","","","","","","",
"28053","MADRID","","","","","","","","","",
"41012A","SEVILLA","","","","","","","","","",
"26007","LOGRO벮","","","","","","","","","",
"15405","FERROL","","","","","","","","","",
"01300","BELLEY","","","","","","","","","",
"07004","PALMA DE MALLORCVA","","","","","","","","","",
"11158","VEJER DE LA FRONTERA","","","","","","","","","",
"08740","SANT ANDREU DE LA BARCA","","","","","","","","","",
"18009","GRANADA","","","","","","","","","",
"21110","ALJARAQUE","","","","","","","","","",
"28240","HOYO DE MANZANARES","","","","","","","","","",
"15406","FERROL","","","","","","","","","",
"49010","ZAMORA","","","","","","","","","",
"41880","EL RONQUILLO","","","","","","","","","",
"50529","FUENTEJALON","","","","","","","","","",
"11314","SAN ROQUE","","","","","","","","","",
"11407","JEREZ DE LA FRONTERA","","","","","","","","","",
"33510","ANDERNOS LES BAINS","","","","","","","","","",
"11500","EL PUERTO DE SANTA MARIA","","","","","","","","","",
"11593","JEREZ DE LA FRONTERA","","","","","","","","","",
"23001","JAEN","","","","","","","","","",
"46530","PUZOL (VALENCIA)","","","","","","","","","",
"08028","BARCELONA","","","","","","","","","",
"18010","GRANADA","","","","","","","","","",
"46003","VALENCIA","","","","","","","","","",
"41012","SEVILLA","","","","","","","","","",
"08214","BADIA DEL VALLES","","","","","","","","","",
"14011","CORDOBA","","","","","","","","","",
"19002","GUADALAJARA","","","","","","","","","",
"36207","VIGO","","","","","","","","","",
"08400","GRANOLLERS (BARCELONA)","","","","","","","","","",
"15530","FERROL (CORU베)","","","","","","","","","",
"42004","SORIA","","","","","","","","","",
"15003","LA CORU베","","","","","","","","","",
"20180","OIARTZUN","","","","","","","","","",
"28023","MADRID","","","","","","","","","",
"11004","CADIZ","","","","","","","","","",
"33820","GRADO","","","","","","","","","",
"28922","ALCORCON (MADRID)","","","","","","","","","",
"29015","MALAGA","","","","","","","","","",
"11190","BENALUP","","","","","","","","","",
"10570","SALORINO","","","","","","","","","",
"03440","IBI(ALICANTE)","","","","","","","","","",
"45600","TALAVERA DE LA RINA","","","","","","","","","",
"06478","BADAJOZ","","","","","","","","","",
"30007","MURCIA","","","","","","","","","",
"15840","SANTA COMBA (LA CORUNA)","","","","","","","","","",
"03006","ALICANTE","","","","","","","","","",
"30100","ESPINARDO (MURCIA)","","","","","","","","","",
"16553","EDINBURGH","","","","","","","","","",
"28054","MADRID","","","","","","","","","",
"14600","MONTORO","","","","","","","","","",
"28891","VELILLA DE SAN ANTONIO","","","","","","","","","",
"28860","PARAGUELLOS,(MADRID)","","","","","","","","","",
"27279","BARREIROS ","","","","","","","","","",
"410014","SEVILLA","","","","","","","","","",
"30720","SANTIAGO DE LA RIBERA ","","","","","","","","","",
"14290","FUENTE OBEJUNA","","","","","","","","","",
"06230","VILLEFRANCHE","","","","","","","","","",
"07160","CALVIA ISLAS BALEARES","","","","","","","","","",
"50002","ZARAGOZA","","","","","","","","","",
"48112","MARURI","","","","","","","","","",
"08184","PALAU DE PLEGAMANS","","","","","","","","","",
"20305","IRUN","","","","","","","","","",
"31000","TOULOUSSE","","","","","","","","","",
"15407","FERROL","","","","","","","","","",
"21204","AROCHE","","","","","","","","","",
"29140","CHURRIANA (MALAGA)","","","","","","","","","",
"14880","LUQUE","","","","","","","","","",
"00000","GETAFE MADRID","","","","","","","","","",
"11408","JEREZ DE LA FRONTERA","","","","","","","","","",
"06510","ALBURQUERQUE","","","","","","","","","",
"13640","HERENCIA (CIUDAD REAL)","","","","","","","","","",
"50003","ZARAGOZA","","","","","","","","","",
"11501","ROTA","","","","","","","","","",
"11594","JEREZ DE LA FRONTERA","","","","","","","","","",
"08029","BARCELONA","","","","","","","","","",
"05270","EL TIEMBLO (AVILA)","","","","","","","","","",
"11687","EL GASTOR","","","","","","","","","",
"47430","PEDRAJAS SAN ESTEBAN (VALLADOLID)","","","","","","","","","",
"18197","PULIANAS( GRANADA)","","","","","","","","","",
"41013","SEVILLA","","","","","","","","","",
"14012","CORDOBA","","","","","","","","","",
"11160","BARBATE","","","","","","","","","",
"36208","VIGO","","","","","","","","","",
"09300","ROA BURGOS","","","","","","","","","",
"15004","LA CORU베","","","","","","","","","",
"504","ORENS","","","","","","","","","",
"46469","BENIPARRELL","","","","","","","","","",
"08680","GIRONELLA","","","","","","","","","",
"28024","MADRID","","","","","","","","","",
"15190","A CORU베","","","","","","","","","",
"28830","SAN FERNANDO DE HENARES MADRID","","","","","","","","","",
"11005","CADIZ","","","","","","","","","",
"21700","HUELVA","","","","","","","","","",
"28923","MADRID","","","","","","","","","",
"49600","BENAVENTE","","","","","","","","","",
"29016","MALAGA","","","","","","","","","",
"48980","SANTURCE","","","","","","","","","",
"08339","VILASSAR DE DALT BARCELONA","","","","","","","","","",
"06200","ALMENDRALEJO (BADAJOZ)","","","","","","","","","",
"15655","EL PUERTO DE SANTA MARIA","","","","","","","","","",
"18600","MOTRIL (GRANADA)","","","","","","","","","",
"11550 ","CHIPIONA","","","","","","","","","",
"11470","MEDINA SIDONIA","","","","","","","","","",
"23591","JAEN","","","","","","","","","",
"03007","ALICANTE","","","","","","","","","",
"46500","SAGUNTO","","","","","","","","","",
"10137","ALIA","","","","","","","","","",
"22351","TARIFA ","","","","","","","","","",
"45880","CORRAL DE ALMAGUER (TOLEDO)","","","","","","","","","",
"06107","ALVARADO","","","","","","","","","",
"03720","BENISSA- ALICANTE","","","","","","","","","",
"18538","DEHESAS DE GUADIX","","","","","","","","","",
"23002","JAEN","","","","","","","","","",
"07006","PALMA DE MALLORCA","","","","","","","","","",
"01240","ALAVA","","","","","","","","","",
"48020","BILBAO","","","","","","","","","",
"1206","ALGECIRAS","","","","","","","","","",
"46780","OLIVA VALENCIA","","","","","","","","","",
"04000","ALMERIA","","","","","","","","","",
"11130","CHICLANA DE LA FRONTERA","","","","","","","","","",
"32613","OIMBRA   ORENSE","","","","","","","","","",
"11409","JEREZ DE LA FRONTERA","","","","","","","","","",
"29327","TEBA (MALAGA)","","","","","","","","","",
"50004","ZARAGOZA","","","","","","","","","",
"11502","EL PUERTO DE SANTA MARIA","","","","","","","","","",
"11595","TORRECERA","","","","","","","","","",
"08030","BARCELONA","","","","","","","","","",
"11688","ZAHARA DE LA SIERRA ","","","","","","","","","",
"21670","NERVA (HUELVA)","","","","","","","","","",
"41014","SEVILLA","","","","","","","","","",
"28180","TORRELAGUNA","","","","","","","","","",
"19004","GUADALAJARA","","","","","","","","","",
"41820","CARRION DE LOS CESPEDES(SEVILLA)","","","","","","","","","",
"14013","CORDOBA","","","","","","","","","",
"13300","VALDEPE베S","","","","","","","","","",
"48950","ERANDIO","","","","","","","","","",
"41200","ALCALA DEL RIO (SEVILLA)","","","","","","","","","",
"36209","VIGO","","","","","","","","","",
"15005","LA CORU베","","","","","","","","","",
"41479","EL CUERVO","","","","","","","","","",
"03690","SAN VICENTE DEL RASPEIG","","","","","","","","","",
"25173","CASTELLON DE LA PLANA","","","","","","","","","",
"45850","TOLEDO","","","","","","","","","",
"28025","MADRID","","","","","","","","","",
"11006","CADIZ","","","","","","","","","",
"66000","PERPIGNAN","","","","","","","","","",
"28924","MADRID","","","","","","","","","",
"23220","VILCHES (JAEN)","","","","","","","","","",
"18322","11500 EL PUERTO DE SANTA MARIA","","","","","","","","","",
"29017","MALAGA","","","","","","","","","",
"22600","EIBAR","","","","","","","","","",
"29730","TORRECILLAS (RINCON VITA) (MALAGA)","","","","","","","","","",
"07007","ILLES BALEARES","","","","","","","","","",
"14850","BAENA","","","","","","","","","",
"29110","MALAGA","","","","","","","","","",
"64140","BILLERE","","","","","","","","","",
"11471","JEREZ DE LA FRONTERA","","","","","","","","","",
"30009","MURCIA","","","","","","","","","",
"13610","CAMPO DE CRIPTANA","","","","","","","","","",
"12184","SARRATELLA","","","","","","","","","",
"06480","MONTIJO","","","","","","","","","",
"41510","MAIRENA DEL ALCOR (SEVILLA)","","","","","","","","","",
"30815","DIP TERCIA LORCA (MURCIA) ","","","","","","","","","",
"35","GIMBUTIENES","","","","","","","","","",
"30319","MURCIA","","","","","","","","","",
"45230","NUMANCIA DE LA SAGRA","","","","","","","","","",
"18012","GRANADA","","","","","","","","","",
"28490","MADRID ","","","","","","","","","",
"18260","GRANADA","","","","","","","","","",
"03009","ALICANTE","","","","","","","","","",
"08000","BARCELONA","","","","","","","","","",
"04001","ALMERIA","","","","","","","","","",
"48920","PORTUGALETE (VIZCAYA)","","","","","","","","","",
"54004","TOLEDO","","","","","","","","","",
"33420","LUGONES","","","","","","","","","",
"15595","FERROL","","","","","","","","","",
"27003","LUGO","","","","","","","","","",
"11410","JEREZ DE LA FRONTERA","","","","","","","","","",
"11503","JEREZ DE LA FRONTERA","","","","","","","","","",
"11596","JEREZ DE LA FRONTERA","","","","","","","","","",
"3191","BOORTMEERBEEK","","","","","","","","","",
"08031","BARCELONA","","","","","","","","","",
"18013","GRANADA","","","","","","","","","",
"17300","BLANES GIRONA","","","","","","","","","",
"15161","LA CORU베","","","","","","","","","",
"45200","ILLESCAS (TOLEDO)","","","","","","","","","",
"28801","ALCALA DE HENARES","","","","","","","","","",
"46006","VALENCIA","","","","","","","","","",
"08930","SAN ADRIAN DE SOS","","","","","","","","","",
"41015","SEVILLA","","","","","","","","","",
"P-4701-9","BRAGA","","","","","","","","","",
"29700","VELEZ MALAGA","","","","","","","","","",
"14014","CORDOBA","","","","","","","","","",
"36210","VIGO (PONTEVEDRA)","","","","","","","","","",
"28460","LOS MOLINOS (MADRID)","","","","","","","","","",
"14200","PE베RROYA PUEBLONUEVO ","","","","","","","","","",
"64110","GELOS","","","","","","","","","",
"13580","ALMODOVAR DEL CAMPO (CIUDAD REAL)","","","","","","","","","",
"28026","MADRID","","","","","","","","","",
"11007","CADIZ","","","","","","","","","",
"11100","SAN FERNANDO","","","","","","","","","",
"33203","ASTURIAS","","","","","","","","","",
"1269","LISBOA","","","","","","","","","",
"18230","ATARFE (GRANADA)","","","","","","","","","",
"28925","SAN JOSE DE VALDERAS (ALCORCON) (MADRID)","","","","","","","","","",
"28212","NAVALAGAMELLA(MADRID)","","","","","","","","","",
"39000","SANTANDER","","","","","","","","","",
"07008","PALMA DE MALLORCA","","","","","","","","","",
"11379","LOS BARRIOS","","","","","","","","","",
"23500","JODAR","","","","","","","","","",
"30010","MURCIA","","","","","","","","","",
"15006","15006 LA CORUNA","","","","","","","","","",
"28770","COLMENAR VIEJO (MADRID)","","","","","","","","","",
"59181","STEENWERCK ","","","","","","","","","",
"410017","SEVILLA","","","","","","","","","",
"11689","ALGODONALES","","","","","","","","","",
"23004","RENNES","","","","","","","","","",
"36520","AGOLADA","","","","","","","","","",
"08403","GRANOLLERS","","","","","","","","","",
"31002","PAMPLONA","","","","","","","","","",
"33576","ASTURIAS","","","","","","","","","",
"03010","ALICANTE","","","","","","","","","",
"24400","PONFERRADA","","","","","","","","","",
"95700","ROISSY (FRANCIA)","","","","","","","","","",
"11659","CADIZ","","","","","","","","","",
"23780","LOPERA (JAEN)","","","","","","","","","",
"29670","SAN PEDRO ALCANTARA","","","","","","","","","",
"08808970","EL PRAT DE LLOBREGAT (BARCELONA) ESPA베","","","","","","","","","",
"27004","LUGO","","","","","","","","","",
"11411","JEDULA","","","","","","","","","",
"41450","SEVILLA","","","","","","","","","",
"50006","ZARAGOZA","","","","","","","","","",
"11504","LA  BARCA DE LA FLORIDA","","","","","","","","","",
"11597","JEREZ DE LA FRONTERA","","","","","","","","","",
"23005","JAEN","","","","","","","","","",
"18014","GRANADA","","","","","","","","","",
"28802","ALCALA DE HENARES","","","","","","","","","",
"73721","BRIGHTON","","","","","","","","","",
"11690","OLVERA (CADIZ)","","","","","","","","","",
"18200","MARACENA","","","","","","","","","",
"41016","SEVILLA","","","","","","","","","",
"46100","BURJASOT","","","","","","","","","",
"36211","VIGO","","","","","","","","","",
"02080","ALBACETE","","","","","","","","","",
"30600","ARCHENA","","","","","","","","","",
"15007","A CORU베","","","","","","","","","",
"28027","MADRID","","","","","","","","","",
"11008","CADIZ","","","","","","","","","",
"33204","GIJON","","","","","","","","","",
"29639","BENALMADENA (MALAGA)","","","","","","","","","",
"28213","MADRID","","","","","","","","","",
"41760","EL CORONIL","","","","","","","","","",
"41140","VFCO GUADALQIVIR (SEVILLA)","","","","","","","","","",
"49696","SANTA MARIA DE LA VEGA (ZAMORA)","","","","","","","","","",
"23031150","GRATENTOUR","","","","","","","","","",
"07009","PONT D INCA MARRATXI","","","","","","","","","",
"11380","TARIFA","","","","","","","","","",
"25640","ROULANS","","","","","","","","","",
"07691","SANTANYI","","","","","","","","","",
"04002","ALMERIA","","","","","","","","","",
"31003","PAMPLONA","","","","","","","","","",
"4430-956","VILA NOVA DE GAIA","","","","","","","","","",
"29580 ","MALAGA ","","","","","","","","","",
"41420","FUENTE DE ANDALUCIA","","","","","","","","","",
"03011","ALICANTE","","","","","","","","","",
"26540","ALFARO.","","","","","","","","","",
"11660","PRADO DEL REY","","","","","","","","","",
"08808","EL PRAT DE LLOBREGAT (BARCELONA) ESPA베","","","","","","","","","",
"18170","JUN","","","","","","","","","",
"13179","POZUELO DE CALATRAVA (CIUDAD REAL)","","","","","","","","","",
"08901","HOSPITALET DE LLOBREGAT (BARCELONA)","","","","","","","","","",
"04003","ALMERIA","","","","","","","","","",
"45450","ORGAZ (TOLEDO)","","","","","","","","","",
"23440","JAEN","","","","","","","","","",
"37700","BEJAR","","","","","","","","","",
"11412","JEREZ DE LA FRA","","","","","","","","","",
"50007","ZARAGOZA","","","","","","","","","",
"28710","EL MOLAR (MADRID)","","","","","","","","","",
"23006","JAEN","","","","","","","","","",
"18015","GRANADA","","","","","","","","","",
"06700","VILLANUEVA DE SERENA (BADAJOZ)","","","","","","","","","",
"11071","CHIPIONA","","","","","","","","","",
"46008","VALENCIA","","","","","","","","","",
"41730","LAS CABEZAS DE SAN JUAN","","","","","","","","","",
"91640","VAUGRIGNEUSE","","","","","","","","","",
"41110","BOLLULLOS MITACION","","","","","","","","","",
"0000","ALAVA","","","","","","","","","",
"47000","VALLADOLID","","","","","","","","","",
"03600","ELDA","","","","","","","","","",
"15008","LA CORU베","","","","","","","","","",
"30880","AGUILAS","","","","","","","","","",
"28028","MADRID","","","","","","","","","",
"16000","ANGOULEME","","","","","","","","","",
"11009","CADIZ","","","","","","","","","",
"29640","FUENGIROLA","","","","","","","","","",
"41048","SEVILLA","","","","","","","","","",
"35530","TEGUISE","","","","","","","","","",
"21270","CALA","","","","","","","","","",
"07010","PALMA","","","","","","","","","",
"18046","MADRID","","","","","","","","","",
"28400","COLLADO VILLALBA ","","","","","","","","","",
"43001","TARRAGONA","","","","","","","","","",
"25300","JODAR","","","","","","","","","",
"18697","LA HERRADURA","","","","","","","","","",
"47837","QUATRE벮NDA","","","","","","","","","",
"41017","SEVILLA","","","","","","","","","",
"11691","SETENIL","","","","","","","","","",
"08033","BARCELONA","","","","","","","","","",
"48860","BILBAO","","","","","","","","","",
"29300","ARCHIDONA","","","","","","","","","",
"08003","BARCELONA","","","","","","","","","",
"2450","MADRID ","","","","","","","","","",
"41700","DOS HERMANAS (SEVILLA)","","","","","","","","","",
"17458","FORNELLS DE LA SELVA","","","","","","","","","",
"11008 ","CADIZ","","","","","","","","","",
"31191","BARNSLEY","","","","","","","","","",
"26200","HARO(LA RIOJA)","","","","","","","","","",
"03570","VILAJOYOSA","","","","","","","","","",
"10080","CACERES","","","","","","","","","",
"50008","ZARAGOZA","","","","","","","","","",
"39313","CANTABRIA","","","","","","","","","",
"09460","LE PLA 09","","","","","","","","","",
"45110","AJOFRIN","","","","","","","","","",
"08034","BARCELONA","","","","","","","","","",
"11692","SETENIL DE LAS BODEGAS","","","","","","","","","",
"08840","VILADECANS","","","","","","","","","",
"41018","SEVILLA","","","","","","","","","",
"23193","LINARES","","","","","","","","","",
"15350"," CARI벮 A CORU베","","","","","","","","","",
"07600","EL ARENAL","","","","","","","","","",
"41111","ALMENSILLA( SEVILLA)","","","","","","","","","",
"28370","CHINCHON (MADRID)","","","","","","","","","",
"36213","VIGO","","","","","","","","","",
"35500","ARRECIFE (LAS PALMAS)","","","","","","","","","",
"47001","VALLADOLID","","","","","","","","","",
"41297","MAIRENA DEL ALJARAFE","","","","","","","","","",
"15009","LA CORU베","","","","","","","","","",
"416","RIO DE JANEIRO","","","","","","","","","",
"76420","BIHOREL","","","","","","","","","",
"28029","MADRID","","","","","","","","","",
"11630","ARCOS DE LA FRONTERA","","","","","","","","","",
"18140","ZUBIA (GRANADA)","","","","","","","","","",
"11010","CADIZ","","","","","","","","","",
"31780","BERA DE BIDASOA","","","","","","","","","",
"41049","TOMARES","","","","","","","","","",
"30850","TOTANA","","","","","","","","","",
"21860","VILLALBA DEL ARCOR","","","","","","","","","",
"07817","DAN JORDI","","","","","","","","","",
"41080","SEVILLA","","","","","","","","","",
"20868","SEVILLA","","","","","","","","","",
"21891","CHUCENA","","","","","","","","","",
"07011","PALMA DE MALLORCA","","","","","","","","","",
"06919","PERALEDA DEL ZAUCEJO","","","","","","","","","",
"39004","SANTANDER","","","","","","","","","",
"1099024","LISBOA","","","","","","","","","",
"46940","MANISES","","","","","","","","","",
"07012","PALMA MALLORCA","","","","","","","","","",
"17800","OLOT","","","","","","","","","",
"11408 ","JEREZ DE LA FRONTERA","","","","","","","","","",
"08004","BARCELONA","","","","","","","","","",
"30820","ALCANTARILLA (MURCIA)","","","","","","","","","",
"30107","GUADALUPE(MURCIA)","","","","","","","","","",
"15847","SANTA COMBA","","","","","","","","","",
"03013","ALICANTES","","","","","","","","","",
"08810","SANT PERE DE RIBES BARCELONA","","","","","","","","","",
"30200","CARTAGENA","","","","","","","","","",
"15940","PUEBLA DEL  CARAMI베L  A CORU베","","","","","","","","","",
"08190","SAN CUGAT DEL VALLES (BARCELONA)","","","","","","","","","",
"41701","DOS HERMANAS (SEVILLA)","","","","","","","","","",
"07570","ARTA","","","","","","","","","",
"28960","TRES CANTOS","","","","","","","","","",
"14700","CORDOBA","","","","","","","","","",
"28340","VALDEMOROS","","","","","","","","","",
"14080","CORDOBA","","","","","","","","","",
"09","FERROL","","","","","","","","","",
"41980","LA ALGABA (SEVILLA)","","","","","","","","","",
"50629","SOBRADIEL","","","","","","","","","",
"11507","LA  BARCA DE LA FLORIDA","","","","","","","","","",
"50009","ZARAGOZA","","","","","","","","","",
"15165","BERGONDO (A CORUㅂ)","","","","","","","","","",
"11600","UBRIQUE","","","","","","","","","",
"08035","BARCELONA","","","","","","","","","",
"11693","ALCALA DEL VALLE","","","","","","","","","",
"18110","LA GABIA (GRANADA)","","","","","","","","","",
"28805","ALCALA DE HENARES","","","","","","","","","",
"41019","SEVILLA","","","","","","","","","",
"51001","CEUTA","","","","","","","","","",
"59650","MALAGA","","","","","","","","","",
"06175","SALVATIERRA","","","","","","","","","",
"28991","TORREJON DE LA CALZADA","","","","","","","","","",
"36214","VIGO","","","","","","","","","",
"09120","VERNIOLLE (FRANCIA)","","","","","","","","","",
"08500","BARCELONA","","","","","","","","","",
"03509","ALICANTE","","","","","","","","","",
"15010","LA CORU베","","","","","","","","","",
"36400","PONTEVEDRA","","","","","","","","","",
"28.023","MADRID","","","","","","","","","",
"28030","MADRID","","","","","","","","","",
"41670","PRUNA ","","","","","","","","","",
"16002","CUENCA","","","","","","","","","",
"11011","CADIZ","","","","","","","","","",
"33920","LANGREO","","","","","","","","","",
"33207","GIJON","","","","","","","","","",
"1800","VILVOORDE BT","","","","","","","","","",
"43003","SEVILLA","","","","","","","","","",
"50071","ZARAGOZA","","","","","","","","","",
"30510","YECLA","","","","","","","","","",
"46010","VALENCIA","","","","","","","","","",
"21800","MOGUER (CORDOBA)","","","","","","","","","",
"33208","GIJON","","","","","","","","","",
"114406","JEREZ","","","","","","","","","",
"06920","AZUAGA (BADAJOZ)","","","","","","","","","",
"06207","BADAJOZ","","","","","","","","","",
"39005","SANTANDER","","","","","","","","","",
"12004","CASTELLON DE LA PLANA","","","","","","","","","",
"06300","ZAFRA","","","","","","","","","",
"41950","CASTILLEJA DE LA CUESTA","","","","","","","","","",
"19134","TENDILLA","","","","","","","","","",
"27070","TORROX (MALAGA)","","","","","","","","","",
"21459","HUELVA","","","","","","","","","",
"07199","CASABLANCA","","","","","","","","","",
"08005","BARCELONA","","","","","","","","","",
"11570","LA BARCA DE LA FLORIDA","","","","","","","","","",
"46600","ALCIRA","","","","","","","","","",
"31007","PAMPLONA","","","","","","","","","",
"04006","ALMERIA","","","","","","","","","",
"50010","ZARAGOZA","","","","","","","","","",
"28620","MADRID","","","","","","","","","",
"28000","MADRID","","","","","","","","","",
"00193","ROMA","","","","","","","","","",
"23009","JAEN","","","","","","","","","",
"20870","ELGOIBAR","","","","","","","","","",
"08036","BARCELONA","","","","","","","","","",
"1150","PUERTO REAL        ","","","","","","","","","",
"41640","OSUNA","","","","","","","","","",
"28806","MADRID","","","","","","","","","",
"14546","CORDOBA","","","","","","","","","",
"50196","LA MUELA (ZARAGOZA)","","","","","","","","","",
"41020","SEVILLA","","","","","","","","","",
"51002","CEUTA","","","","","","","","","",
"24001","LEON","","","","","","","","","",
"11530340","ROTA","","","","","","","","","",
"46910","VALENCIA ","","","","","","","","","",
"47003","VALLADOLID","","","","","","","","","",
"46290","ALCACER (VALENCIA)","","","","","","","","","",
"20002","SAN SEBASTIAN","","","","","","","","","",
"09400","ARANDA DE DUERO","","","","","","","","","",
"23660","ALCAUDETE","","","","","","","","","",
"28031","MADRID","","","","","","","","","",
"08780","PALLEJA (BARCELONA)","","","","","","","","","",
"11012","CADIZ","","","","","","","","","",
"08160","MONTMELO","","","","","","","","","",
"34820","BARRUELO","","","","","","","","","",
"07013","PALMA DE MALLORCA","","","","","","","","","",
"4430-247","VILA NOVA DE GAIA","","","","","","","","","",
"11405 ","JEREZ DE LA FRONTERA","","","","","","","","","",
"45112","BURGUILLOS DE TOLEDO ","","","","","","","","","",
"07819","SANTA EULALIA DEL RIO (BALEARES)","","","","","","","","","",
"03293","ELCHE","","","","","","","","","",
"35006","LAS PALMAS","","","","","","","","","",
"34190 ","GANGES","","","","","","","","","",
"11013","CADIZ","","","","","","","","","",
"03170","ROJALES (ALICANTE)","","","","","","","","","",
"10300","NAVALMORAL DE LA MATA ","","","","","","","","","",
"28931","MOSTOLES","","","","","","","","","",
"39006","SANTANDER","","","","","","","","","",
"36960","PONTEVEDRA","","","","","","","","","",
"12005","CASTELLON","","","","","","","","","",
"22700","JACA","","","","","","","","","",
"58350","CHATEAUNEUF VL DE BARGIS","","","","","","","","","",
"15570","NARON","","","","","","","","","",
"07820","ISLAS BALEARES","","","","","","","","","",
"08006","BARCELONA","","","","","","","","","",
"03015","ALICANTE","","","","","","","","","",
"11571","GUADALCACIN","","","","","","","","","",
"08905","L HOSPITALET DE LLOBREGAT","","","","","","","","","",
"31008","PANPLONA","","","","","","","","","",
"16035","RAPALLO","","","","","","","","","",
"03201","ELCHE","","","","","","","","","",
"11044","CADIZ","","","","","","","","","",
"33240","CHEMIN LAROUSSE","","","","","","","","","",
"04720","AGUADULCE(ALMERIA)","","","","","","","","","",
"04007","ROQUETAS DE MAR","","","","","","","","","",
"2825","MONTE DA CAPARICA","","","","","","","","","",
"04100","NIJAR (ALMERIA)","","","","","","","","","",
"39750","COLINDRES","","","","","","","","","",
"11","HH","","","","","","","","","",
"28001","MADRID","","","","","","","","","",
"08750","MOLINS DE REL","","","","","","","","","",
"01000","MADRID","","","","","","","","","",
"08130","STA.PERPETUA DE MOGODA","","","","","","","","","",
"14640","CORDOBA","","","","","","","","","",
"08223","TARRASA","","","","","","","","","",
"28900","MADRID","","","","","","","","","",
"24002","LEON","","","","","","","","","",
"28280","EL ESCORIAL","","","","","","","","","",
"41920","SAN JUAN DE AZNALFARACHE","","","","","","","","","",
"36216","VIGO","","","","","","","","","",
"47004","VALLADOLID","","","","","","","","","",
"41300","SAN JOSE DE LA RINCONADA","","","","","","","","","",
"20003","SAN SEBASTIAN","","","","","","","","","",
"11540","SANLUCAR DE BARRAMEDA","","","","","","","","","",
"15105","CARBALLO (LA CORU베)","","","","","","","","","",
"18050","SALAMANCA","","","","","","","","","",
"28032","MADRID","","","","","","","","","",
"43005","TARRAGONA","","","","","","","","","",
"13090","AIX EN PROVENCE","","","","","","","","","",
"38200","S. C. TENERIFE","","","","","","","","","",
"24312","IGUE베","","","","","","","","","",
"66100","PERPIGNAN","","","","","","","","","",
"43006","TARRAGONA","","","","","","","","","",
"41580","SEVILLA","","","","","","","","","",
"28033","MADRID","","","","","","","","","",
"25181","SOSES","","","","","","","","","",
"38108","SANTA CRUZ DE TENERIFE","","","","","","","","","",
"54600","VILLERS LES NANCY","","","","","","","","","",
"28932","MOSTOLES","","","","","","","","","",
"33210","GIJON","","","","","","","","","",
"11200","ALGECIRAS","","","","","","","","","",
"12006","CASTELLON","","","","","","","","","",
"07015","PALMA DE MALLORCA","","","","","","","","","",
"35628","PAJARA (LAS PALMAS)","","","","","","","","","",
"29924","ALCORCON MADRID","","","","","","","","","",
"24220","VALDERAS","","","","","","","","","",
"23600","MARTOS (JAEN)","","","","","","","","","",
"35008","LAS PALMAS G.C.","","","","","","","","","",
"08720","VILLAFRANCAS DEL PENEDES","","","","","","","","","",
"08007","BARCELONA","","","","","","","","","",
"30110","CHURRA (MURCIA)","","","","","","","","","",
"10859","SANTIBA벤Z EL ALTO -CACERES","","","","","","","","","",
"30203","CARTAGENA","","","","","","","","","",
"21740","HINOJOS (HUELVA)","","","","","","","","","",
"28250","MADRID","","","","","","","","","",
"04008","CAMPOHERMOSO","","","","","","","","","",
"20500","ARRASATE (GUIPUZCOA)","","","","","","","","","",
"56150","FAHRWANGEN","","","","","","","","","",
"13370","CALZADA DE CALATRAVA (CIUDAD REAL)","","","","","","","","","",
"28529","MADRID","","","","","","","","","",
"50012","ZARAGOZA","","","","","","","","","",
"11510","PUERTO REAL","","","","","","","","","",
"18640","PADUL  GRANADA","","","","","","","","","",
"08038","BARCELONA","","","","","","","","","",
"28002","MADRID","","","","","","","","","",
"15881","A CORU베","","","","","","","","","",
"46540","EL PUIG (VALENCIA)","","","","","","","","","",
"34419","VILLALOBON (PALENCIA)","","","","","","","","","",
"15168","SADA ( LA CORU베)","","","","","","","","","",
"01001","VITORIA GASTEIZ (ALAVA)","","","","","","","","","",
"08224","TERRASA","","","","","","","","","",
"51004","CEUTA","","","","","","","","","",
"23197","ESCA벳ELA( JAEN)","","","","","","","","","",
"08410","VILANOVA DEL VALLES","","","","","","","","","",
"2950","PALMELA","","","","","","","","","",
"14920","AGUILAR DE LA FRONTERA","","","","","","","","","",
"20810","GUIPUZCOA","","","","","","","","","",
"08100","MOLLET DEL VALLES","","","","","","","","","",
"23693","JAEN","","","","","","","","","",
"575","ETENNE ROUVRAY","","","","","","","","","",
"46850","VALENCIA","","","","","","","","","",
"39100","CANTABRIA","","","","","","","","","",
"28901","GETAFE","","","","","","","","","",
"41704","DOS HERMANA ","","","","","","","","","",
"08690","SANTA COLOMA DE CERVELLO","","","","","","","","","",
"28034","MADRID","","","","","","","","","",
"11015","CONIL DE LA FRONTERA","","","","","","","","","",
"28840","MEJORADA DEL CAMPO","","","","","","","","","",
"07450","ISLAS BALEARES","","","","","","","","","",
"28933","MOSTOLES","","","","","","","","","",
"28220","28220 MAJADAHONDA (MADRID)","","","","","","","","","",
"11108","CADIZ","","","","","","","","","",
"33211","GIJON","","","","","","","","","",
"48990","GETXO","","","","","","","","","",
"11201","ALGECIRAS","","","","","","","","","",
"41860","SEVILLA","","","","","","","","","",
"39008","SANTANDER","","","","","","","","","",
"34110","FRONTIGNAN","","","","","","","","","",
"21369","CASTA벮 DEL ROBLEDO","","","","","","","","","",
"L","LK","","","","","","","","","",
"11480","JEREZ DE LA FRONTERA","","","","","","","","","",
"08008","BARCELONA","","","","","","","","","",
"30204","CARTAGENA","","","","","","","","","",
"11046","11407 JEREZ DE LA FRONTERA","","","","","","","","","",
"08907","HOSPITALET DE LLOBREGAT","","","","","","","","","",
"31010","BARA베IN","","","","","","","","","",
"36001","PONTEVEDRA","","","","","","","","","",
"04009","ALMERIA","","","","","","","","","",
"11139","CHICLANA DE LA FRONTERA","","","","","","","","","",
"09000","FERROL","","","","","","","","","",
"15510","PUERTO REAL","","","","","","","","","",
"36900","MARIN (PONTEVEDRA)","","","","","","","","","",
"21400","BELLAVISTA","","","","","","","","","",
"05001","AVILA","","","","","","","","","",
"28530","MORATA DE TAJU베","","","","","","","","","",
"35660","CORRALEJO- LAS PALMAS","","","","","","","","","",
"28003","MADRID","","","","","","","","","",
"51005","CEUTA","","","","","","","","","",
"110100","CADIZ","","","","","","","","","",
"46014","VALENCIA","","","","","","","","","",
"11170","MEDINA SIDONIA","","","","","","","","","",
"23291","SANTIAGO PONTONES","","","","","","","","","",
"20005","SAN SEBASTIAN","","","","","","","","","",
"30700","TORREPACHECO","","","","","","","","","",
"21710","BOLLULLOS DEL CONDADO","","","","","","","","","",
"11604","JEREZ DELA FRONTERA","","","","","","","","","",
"35009","LAS PALMAS","","","","","","","","","",
"01002","VICTORIA GASTEIZ","","","","","","","","","",
"03203","ELCHE","","","","","","","","","",
"08256","RAJADELL","","","","","","","","","",
"50013","ZARAGOZA","","","","","","","","","",
"16812","ALBENDEA","","","","","","","","","",
"29770","MALAGA","","","","","","","","","",
"08225","TERRASSA","","","","","","","","","",
"38760","MADRID","","","","","","","","","",
"48215","IURRETA","","","","","","","","","",
"03730","JAVEA (ALICANTE)","","","","","","","","","",
"20006","SAN SEBASTIAN","","","","","","","","","",
".","VALLADOLID","","","","","","","","","",
"11450","JEREZ","","","","","","","","","",
"03700","DENIA","","","","","","","","","",
"34359","REINHARDSHAGEN","","","","","","","","","",
"31600","BURLADA","","","","","","","","","",
"28035","MADRID","","","","","","","","","",
"28934","MOSTOLES(MADRID)","","","","","","","","","",
"11109","CADIZ","","","","","","","","","",
"33212","GIJON","","","","","","","","","",
"08970","SANT JOAN DESPI (BARCELONA)","","","","","","","","","",
"11202","ALGECIRAS","","","","","","","","","",
"29740","TORRE DEL MAR","","","","","","","","","",
"29120","ALHAURIN EL GRANDE (MALAGA)","","","","","","","","","",
"07110","ISLAS BALEARES","","","","","","","","","",
"28500","ARGANDA DEL REY (MADRID)","","","","","","","","","",
"27880","BURELA (LUGO)","","","","","","","","","",
"35010","LAS PALMAS DE GRAN CANARIA","","","","","","","","","",
"20750","GUIPUZCUA","","","","","","","","","",
"08629","TORRELLES DE LLOBREGAT","","","","","","","","","",
"08009","BARCELONA","","","","","","","","","",
"41520","EL VISO DEL ALCOR (SEVILLA)","","","","","","","","","",
"13000","PRAGA 3","","","","","","","","","",
"30205","MURCIA","","","","","","","","","",
"40900","CAMAS","","","","","","","","","",
"36002","PONTEBEDRA","","","","","","","","","",
"08908","HOSPITALET DE LLOBREGAT","","","","","","","","","",
"11140","CONIL DE LA FRONTERA","","","","","","","","","",
"5680","AB BEST (HOLANDA)","","","","","","","","","",
"49022","ZAMORA","","","","","","","","","",
"06428","PUERTO URRACO (BADAJOZ)","","","","","","","","","",
"50014","ZARAGOZA","","","","","","","","","",
"20068","PESQUIERA","","","","","","","","","",
"08040","BARCELONA","","","","","","","","","",
"28004","MADRID","","","","","","","","","",
"14550","MONTILLA CORDOBA","","","","","","","","","",
"110008","TALAVERA DE LA REINA","","","","","","","","","",
"46015","VALENCIA","","","","","","","","","",
"06800","MERIDA","","","","","","","","","",
"24005","LEON","","","","","","","","","",
"47007","VALLADOLID","","","","","","","","","",
"19200","AZUQUECA (GUADALAJARA)","","","","","","","","","",
"0813","BADALONA","","","","","","","","","",
"25245","VILA SANA","","","","","","","","","",
"10830","TORREJONCILLO","","","","","","","","","",
"31011","PAMPLONA","","","","","","","","","",
"03204","ELCHE","","","","","","","","","",
"48960","GALDAKAO ","","","","","","","","","",
"40001","SEVILLA","","","","","","","","","",
"36994","POIO","","","","","","","","","",
"47008","VALLADOLID","","","","","","","","","",
"06460","BADAJOZ","","","","","","","","","",
"27850","VIVERO","","","","","","","","","",
"48620","VIZCAYA","","","","","","","","","",
"20100","SAN SEBASTIAN","","","","","","","","","",
"28036","MADRID","","","","","","","","","",
"8223","POZUELO DE ALARCON","","","","","","","","","",
"082233","TERRASA","","","","","","","","","",
"33120","PRAVIA","","","","","","","","","",
"18240","PINOS PUENTE (GRANADA)","","","","","","","","","",
"28935","MADRID","","","","","","","","","",
"13249","RUIDERA","","","","","","","","","",
"11110","CHICLANA DE LA FRONTERA","","","","","","","","","",
"33213","ASTURIAS","","","","","","","","","",
"24750","LA BA벤ZA","","","","","","","","","",
"11203","ALGECIRAS","","","","","","","","","",
"31880","LEIZA","","","","","","","","","",
"39010","SANTANDER","","","","","","","","","",
"45520","VILLALENGUA DE LA SAGRA","","","","","","","","","",
"23510","JAEN","","","","","","","","","",
"40002","SEGOVIA","","","","","","","","","",
"08630","BARCELONA","","","","","","","","","",
"13001","CIUDAD REAL","","","","","","","","","",
"00880","SABADEL","","","","","","","","","",
"08010","BARCELONA","","","","","","","","","",
"29400","RONDA","","","","","","","","","",
"10149","CONIL","","","","","","","","","",
"21650","EL CAMPILLO","","","","","","","","","",
"36003","PONTEVEDRA","","","","","","","","","",
"11048","JEREZ DE LA FRONTERA","","","","","","","","","",
"31012","PAMPLONA","","","","","","","","","",
"03205","ELCHE","","","","","","","","","",
"35290","SAN BARTOLOME DE TIRAJANA","","","","","","","","","",
"41800","SANLUCAR LA MAYOR","","","","","","","","","",
"08289","AGUILAR DE SEGARRA (BARCELONA)","","","","","","","","","",
"46171","CASINOS (VALENCIA)","","","","","","","","","",
"11420","SAN ROQUE","","","","","","","","","",
"50015","ZARAGOZA","","","","","","","","","",
"28005","MADRID","","","","","","","","","",
"17310","LLORET DE MAR","","","","","","","","","",
"115000","EL PUERTO DE SANTA MARIA","","","","","","","","","",
"46016","VALENCIA","","","","","","","","","",
"08940","CORNELLA DE LLOBREGAT(BARCELONA)","","","","","","","","","",
"28904","GETAFE (MADRID)","","","","","","","","","",
"23200","LA CAROLINA","","","","","","","","","",
"24006","LEON","","","","","","","","","",
"07700","MAHON","","","","","","","","","",
"28470","MADRID","","","","","","","","","",
"AD600","SANT IULIA DE LORIA","","","","","","","","","",
"31230","VIANA-NAVARRA","","","","","","","","","",
"37120","DO벨NOS DE SALAMANCA","","","","","","","","","",
"29370","BENAOJAN","","","","","","","","","",
"28037","MADRID","","","","","","","","","",
"21000","DIJON","","","","","","","","","",
"42390","VILLARS","","","","","","","","","",
"29649","MIJAS COSTA (MALAGA)","","","","","","","","","",
"41770","MONTELLANO","","","","","","","","","",
"28936","MOSTOLES","","","","","","","","","",
"28223","POZUELO DE ALARCON","","","","","","","","","",
"11111","CADIZ","","","","","","","","","",
"39011","PE베CASTILLO","","","","","","","","","",
"11204","ALGECIRAS","","","","","","","","","",
"44002","TERUEL","","","","","","","","","",
"33400","AVILES (ASTURIAS)","","","","","","","","","",
"11390","FACINAS","","","","","","","","","",
"41429","LA CAMPANA","","","","","","","","","",
"40003","SEGOVIA","","","","","","","","","",
"35012","LAS PALMAS DE GRAN CANARIA","","","","","","","","","",
"45800","QUINTANAR DE LA ORDEN","","","","","","","","","",
"38670","TENERIFE","","","","","","","","","",
"02400","HELLIN (ALBACETE)","","","","","","","","","",
"30300","CARTAGENA","","","","","","","","","",
"15327","NARON (A CORUㅂ)","","","","","","","","","",
"29680","ESTEPONA (MALAGA)","","","","","","","","","",
"08290","CERDANYOLA","","","","","","","","","",
"32005"," ORENSE","","","","","","","","","",
"05004","AVILA","","","","","","","","","",
"52062","MELILLA","","","","","","","","","",
"28006","MADRID","","","","","","","","","",
"15172","15172 PERILLO OLEIROS LA CORU베","","","","","","","","","",
"28812","ALCALA DE HENARES","","","","","","","","","",
"01005","VITORIA","","","","","","","","","",
"11080","CADIZ","","","","","","","","","",
"46017","VALENCIA","","","","","","","","","",
"08228","TERRASA (BARCELONA)","","","","","","","","","",
"18210","PELIGROS","","","","","","","","","",
"17497","PORTBOU","","","","","","","","","",
"28905","GETAFE","","","","","","","","","",
"46110","GODELLA","","","","","","","","","",
"14800","PRIEGO (CORDOBA)","","","","","","","","","",
"04880","TIJOLA","","","","","","","","","",
"11638","ARCOS DE LA FRONTERA","","","","","","","","","",
"40220","TARNOS","","","","","","","","","",
"47009","VALLADOLID","","","","","","","","","",
"12600","LA VALL D'UIXO","","","","","","","","","",
"24008","LEON","","","","","","","","","",
"04230","HUERCAL DE ALMERIA","","","","","","","","","",
"11360","TORREGUADIARO (SAN ROQUE)","","","","","","","","","",
"20009","SAN SEBASTIAN","","","","","","","","","",
"03610","PRETRL ALICANTE","","","","","","","","","",
"25000","BENAVENTE","","","","","","","","","",
"1","CADIZ","","","","","","","","","",
"38640","ARONA","","","","","","","","","",
"28038","MADRID","","","","","","","","","",
"11639","ALGAR","","","","","","","","","",
"28928012","LEGANES","","","","","","","","","",
"49521","RIOMANZAS DE ALISTE(ZAMORA)","","","","","","","","","",
"08880","CUBELLES","","","","","","","","","",
"21001","HUELVA","","","","","","","","","",
"29650","MIJAS","","","","","","","","","",
"28937","MOSTOLES","","","","","","","","","",
"28224","POZUELO DE ALARCON (MADRID)","","","","","","","","","",
"36780","A GUARDA","","","","","","","","","",
"11112","ALGECIRAS","","","","","","","","","",
"39012","SANTANDER","","","","","","","","","",
"11205","ALGECIRAS","","","","","","","","","",
"6365","BURJASSOT ","","","","","","","","","",
"44003","TERUEL","","","","","","","","","",
"19141","ARANZUEQUE (GUADALAJARA)","","","","","","","","","",
"49800","TORO (ZAMORA)","","","","","","","","","",
"46235","ALCOY (VALENCIA)","","","","","","","","","",
"11391","FACINA ","","","","","","","","","",
"06400","DON BENITO (BADAJOZ)","","","","","","","","","",
"41430","LA LUISISANA","","","","","","","","","",
"40004","SEGOVIA","","","","","","","","","",
"47134","VALLADOLID","","","","","","","","","",
"13003","CIUDAD REAL","","","","","","","","","",
"18800","BAZA (GRANADA)","","","","","","","","","",
"03114","ALICANTE","","","","","","","","","",
"11670","EL BOSQUE","","","","","","","","","",
"46700","GANDIA","","","","","","","","","",
"08911","BADALONA","","","","","","","","","",
"41089","DOS HERMANAS","","","","","","","","","",
"03300","ORIHUELA","","","","","","","","","",
"08291","RIPOLLET","","","","","","","","","",
"31200","ESTELLA","","","","","","","","","",
"23450","IBROS(JAEN)","","","","","","","","","",
"5063","ADELAIDE -AUSTRAQLIA","","","","","","","","","",
"22830","BONARES","","","","","","","","","",
"15700","SANTIAGO","","","","","","","","","",
"50730","EL BURGO DE EBRO","","","","","","","","","",
"28007","MADRID","","","","","","","","","",
"15886","TEO ","","","","","","","","","",
"14460","DOS TORRES (CORDOBA)","","","","","","","","","",
"50823","COLONIA","","","","","","","","","",
"28100","28100 ALCOBENDAS","","","","","","","","","",
"13127","VITROLLES","","","","","","","","","",
"11701","CEUTA","","","","","","","","","",
"41740","LEBRIJA","","","","","","","","","",
"28906","GETAFE","","","","","","","","","",
"46018","VALENCIA","","","","","","","","","",
"41120","GELVES (SEVILLA)","","","","","","","","","",
"TR84NY","NEWQUAY","","","","","","","","","",
"35230","NOYAL CHATILLON SUR SEICHE","","","","","","","","","",
"08260","SURIA","","","","","","","","","",
"9000","GENT OV","","","","","","","","","",
"4103","SEVILLA","","","","","","","","","",
"29620","TORRE MOLINOS","","","","","","","","","",
"15360","LA CORU베","","","","","","","","","",
"29000","MALAGA","","","","","","","","","",
"07610","SOMETINES (PALMA DE MALLOR)","","","","","","","","","",
"14740","ORNACHUELO","","","","","","","","","",
"35510","CESSON SEVIGNE","","","","","","","","","",
"41927","MAIRENA DEL ALJARAFE","","","","","","","","","",
"13500","PUERTOLLANO","","","","","","","","","",
"41400","ECIJA (SEVILLA)","","","","","","","","","",
"26520","LA RIOJA","","","","","","","","","",
"11547","JEREZ","","","","","","","","","",
"28039","MADRID","","","","","","","","","",
"27326","FOLGOSO SW CAUREL","","","","","","","","","",
"11640","BORNOS","","","","","","","","","",
"46670","VALENCIA","","","","","","","","","",
"21002","HUELVA","","","","","","","","","",
"28938","MOSTOLES","","","","","","","","","",
"48902","BARACALDO","","","","","","","","","",
"11206","ESPERA","","","","","","","","","",
"4320","LEJRE","","","","","","","","","",
"28411","MADRID","","","","","","","","","",
"22087","HAMBURG","","","","","","","","","",
"11392","TAHIVILLA","","","","","","","","","",
"28597","FUENTIDUE베 DE TAJO","","","","","","","","","",
"39292","CAMPOO DE YUSO (CANTABRIA)","","","","","","","","","",
"11485","JEREZ DE LA FRA","","","","","","","","","",
"14430","ADAMUZ (CORDOBA)","","","","","","","","","",
"13004","CIUDA REAL","","","","","","","","","",
"11578","PATERNA DE LA FRONTERA","","","","","","","","","",
"08013","BARCELONA","","","","","","","","","",
"28690","BRUNETE","","","","","","","","","",
"4141MZ","LEERDAM (HOLANDA)","","","","","","","","","",
"08912","BADALONA","","","","","","","","","",
"31015","PAMPLONA","","","","","","","","","",
"41710","UTRERA (SEVILLA)","","","","","","","","","",
"46701","GANDIA","","","","","","","","","",
"08292","BARCELONA","","","","","","","","","",
"09005","BURGOS","","","","","","","","","",
"11330","JIMENA DE LA FRONTERA","","","","","","","","","",
"15701","SANTIAGO (LA CORU베)","","","","","","","","","",
"17220","SANT FELIU DE GUIXOLS GIRONA","","","","","","","","","",
"37184","VILLARES DE LA REINA","","","","","","","","","",
"28008","MADRID","","","","","","","","","",
"06711","ALGECIRAS","","","","","","","","","",
"01007","VITORIA","","","","","","","","","",
"11702","CEUTA","","","","","","","","","",
"08850","GAVA","","","","","","","","","",
"110012","CADIZ","","","","","","","","","",
"47600","VILLALON DE CAMPOS (VALLADOLID)","","","","","","","","","",
"86877","WALKERTSHOFEN","","","","","","","","","",
"46980","VALENCIA","","","","","","","","","",
"29651","MIJAS","","","","","","","","","",
"14120","FUENTE PALMERA","","","","","","","","","",
"24009","LEON","","","","","","","","","",
"04727","LA ENVIA","","","","","","","","","",
"47011","SEVILLA","","","","","","","","","",
"18120","ALHAMA DE GRANADA","","","","","","","","","",
"01008","VITORIA","","","","","","","","","",
"25250","LLEIDA","","","","","","","","","",
"46020","VALENCIA","","","","","","","","","",
"29001","MALAGA","","","","","","","","","",
"24010","LEON","","","","","","","","","",
"50","BARNEVILLE-CARTERER","","","","","","","","","",
"16260","ST MARY","","","","","","","","","",
"15640","BERGONDO (LA CORUNA)","","","","","","","","","",
"36317","CANDEAN VIGO","","","","","","","","","",
"47012","VALLADOLID","","","","","","","","","",
"29280","PLOUZANE","","","","","","","","","",
"MADRID","MADRID","","","","","","","","","",
"28660","BOADILLA DEL MONTE","","","","","","","","","",
"11130 ","CHICLANA DE LA FRONTERA","","","","","","","","","",
"21530","MINAS DE THARSIS (HUELVA)","","","","","","","","","",
"28040","MADRID","","","","","","","","","",
"21003","HUELVA","","","","","","","","","",
"33930","ASTURIS","","","","","","","","","",
"12540","VILLA REAL (CASTELLON)","","","","","","","","","",
"48903","BARACALDO","","","","","","","","","",
"11207","ALGECIRAS","","","","","","","","","",
"46950","CHIRIVELLA","","","","","","","","","",
"15578","NARON","","","","","","","","","",
"11300","LA LINEA","","","","","","","","","",
"39200","REINOSA","","","","","","","","","",
"11393","ZAHARA DE LOS ATUNES","","","","","","","","","",
"03550","SAN JUAN DE ALICANTE","","","","","","","","","",
"40006","SEGOVIA","","","","","","","","","",
"13005","CIUDAD REAL","","","","","","","","","",
"23700","LINARES (JAEN)","","","","","","","","","",
"11579","JEREZ ","","","","","","","","","",
"08014","BARCELONA","","","","","","","","","",
"28691","MADRID","","","","","","","","","",
"08820","EL PRAT DE LLOBREGAT","","","","","","","","","",
"28071","28071 MADRID","","","","","","","","","",
"65240","LOUDERVIELLE","","","","","","","","","",
"09006","BURGOS","","","","","","","","","",
"28970","HUMANES DE MADRID","","","","","","","","","",
"41804","OLIVARES","","","","","","","","","",
"56870","LARMEOR BADEN","","","","","","","","","",
"2120","SALUATERRA","","","","","","","","","",
"28350","CIEMPOZUELOS (MADRID)","","","","","","","","","",
"20600","EIBAR (GUIPUZCOA]","","","","","","","","","",
"1500","11500 EL PUERTO DE SANTA MARIA","","","","","","","","","",
"16415","VILLAMAYOR SANTIAGO (CUENCA)","","","","","","","","","",
"15702","SANTIAGO DE COMPOSTELA","","","","","","","","","",
"410000","SEVILLA","","","","","","","","","",
"11610","GRAZALEMA","","","","","","","","","",
"08758","CERVELLO","","","","","","","","","",
"28009","MADRID","","","","","","","","","",
"48004","BILBAO","","","","","","","","","",
"37185","SALAMANCA","","","","","","","","","",
"19174","TORREJON DEL REY","","","","","","","","","",
"08913","BADALONA","","","","","","","","","",
"41370","CAZALLA DE LA SIERRA","","","","","","","","","",
"29590","CAMPANILLAS","","","","","","","","","",
"14400","POZOBLANCO","","","","","","","","","",
"01101","MANDOZA VICTORIA GASTE","","","","","","","","","",
"27730","ABADIN","","","","","","","","","",
"11611","CADIZ","","","","","","","","","",
"41011 ","SEVILLA","","","","","","","","","",
"33001","OVIEDO","","","","","","","","","",
"28723","ALCORCON (MADRID)","","","","","","","","","",
"28010","28010 MADRID","","","","","","","","","",
"06000","MADRID","","","","","","","","","",
"41650","EL SAUCEJO(SEVILLA)","","","","","","","","","",
"01009","VITORIA","","","","","","","","","",
"48160","DERIO","","","","","","","","","",
"11510.","PUERTO REAL","","","","","","","","","",
"33900","SAMA LANGREO","","","","","","","","","",
"29002","MALAGA","","","","","","","","","",
"40410","SAN RAFAEL EL ESPINAR","","","","","","","","","",
"46920","MISLATA","","","","","","","","","",
"41309","SAN JOSE DE LA RICONADAB (SEVILLA)","","","","","","","","","",
"30800","LORCA","","","","","","","","","",
"48005","BILBAO","","","","","","","","","",
"08790","GELIDA","","","","","","","","","",
"28041","MADRID","","","","","","","","","",
"18152","DILAR (GRANADA)","","","","","","","","","",
"29560","ARGOL (FRANCIA)","","","","","","","","","",
"15300","BETANZOS","","","","","","","","","",
"21004","HUELVA","","","","","","","","","",
"07550","PALMA DE MALLORCA","","","","","","","","","",
"28940","FUENLABRADA","","","","","","","","","",
"21810","PALOS DE LA FRONTERA","","","","","","","","","",
"28320","PINTO","","","","","","","","","",
"44006","SEVILLA","","","","","","","","","",
"41960","GINES","","","","","","","","","",
"41340","TOCINA ","","","","","","","","","",
"34210","DUE베S (PALENCIA)","","","","","","","","","",
"69240","BOUR DE THIZY","","","","","","","","","",
"12200","ONDA CASTELLON","","","","","","","","","",
"28692","VILLANUEVA DE LA CAㅂDA","","","","","","","","","",
"11580","SAN JOSE DEL VALLE","","","","","","","","","",
"08015","BARCELONA","","","","","","","","","",
"39480","GUARNIZO","","","","","","","","","",
"08201","SABADELL","","","","","","","","","",
"09007","BURGOS","","","","","","","","","",
"41092","SEVILLA","","","","","","","","","",
"41805","BENACAZON","","","","","","","","","",
"11425","JEREZ","","","","","","","","","",
"15703","SANTIAGO  DE COMPOSTELA","","","","","","","","","",
"28630","ARROYO DE LA MIEL","","","","","","","","","",
"11518","PUERTO REAL","","","","","","","","","",
"21500","GIBRALEON","","","","","","","","","",
"40007","SEVILLA","","","","","","","","","",
"46610","GUADASSUAR ","","","","","","","","","",
"13440","CIUDAD REAL","","","","","","","","","",
"11406 ","JEREZ DE LA FRONTERA","","","","","","","","","",
"2338","LUXEMBURGO","","","","","","","","","",
"47013","VALLADOLID","","","","","","","","","",
"75006","PARIS","","","","","","","","","",
"09193","BURGOS","","","","","","","","","",
"37900","SANTA MARTA (SALAMANCA)","","","","","","","","","",
"37187","ALDEATEJADA (SALAMANCA)","","","","","","","","","",
"11519","PUERTO REAL","","","","","","","","","",
"23640","TORREDELCAMPO","","","","","","","","","",
"27298","LUGO","","","","","","","","","",
"11612","BENAOCAZ (CADIZ)","","","","","","","","","",
"18029","GRANADA","","","","","","","","","",
"28011","MADRID","","","","","","","","","",
"06001","BADAJOZ","","","","","","","","","",
"14650","BUJALANCE (CORDOBA)","","","","","","","","","",
"08233","VACARISSES ","","","","","","","","","",
"06900","LLERENA (BADAJOZ)","","","","","","","","","",
"11178","PATERNA DE LA RIVERA","","","","","","","","","",
"29003","MALAGA","","","","","","","","","",
"TQ74JB","KINGSBRIDGE","","","","","","","","","",
"41930","BORMUJOS (SEVILLA)","","","","","","","","","",
"41310","BRENES (SEVILLA)","","","","","","","","","",
"52005","MELILLA","","","","","","","","","",
"47014","VALLADOLID","","","","","","","","","",
"33560","RIBADESELLA (ASTURIAS)","","","","","","","","","",
"69210","L穩BRESLE","","","","","","","","","",
"20013","SAN SEBASTIAN","","","","","","","","","",
"46394","RIBAROJA DEL TURIA","","","","","","","","","",
"18680","SALOBRE베 (GRANADA)","","","","","","","","","",
"8136","GATTIKON","","","","","","","","","",
"11550","CHIPIONA","","","","","","","","","",
"28042","MADRID","","","","","","","","","",
"21005","HUELVA","","","","","","","","","",
"45340","ONTIGOLA","","","","","","","","","",
"23330","JAEN","","","","","","","","","",
"14960","RUTE","","","","","","","","","",
"43480","VILASECA  (TARRAGONA)","","","","","","","","","",
"11488","JEREZ DE LA FRONTERA","","","","","","","","","",
"28600","MADRID","","","","","","","","","",
"08016","BARCELONA","","","","","","","","","",
"41620","MARCHENA SEVILLA","","","","","","","","","",
"41000","SEVILLA","","","","","","","","","",
"15332","ORTIGUEIRA","","","","","","","","","",
"41806","UMBRETE( SEVILLA)","","","","","","","","","",
"36815","REDONDELA","","","","","","","","","",
"39140","SOMO (SANTANDER)","","","","","","","","","",
"37001","SALAMANCA","","","","","","","","","",
"17130","LA ESCALA(GERONA)","","","","","","","","","",
"07458","SEVILLA","","","","","","","","","",
"35110","VECINDARIO ","","","","","","","","","",
"01010","VITORIA","","","","","","","","","",
"30150","LA ALBERCA","","","","","","","","","",
"23485","POZO ALCON","","","","","","","","","",
"31390","OLITE","","","","","","","","","",
"93700","DRANCY","","","","","","","","","",
"08450","LLINARS DEL VALLES","","","","","","","","","",
"15890","PG TAMBRE","","","","","","","","","",
"10001","CACERES","","","","","","","","","",
"11520","ROTA","","","","","","","","","",
"28012","MADRID","","","","","","","","","",
"28818","MADRID","","","","","","","","","",
"24540","LEON","","","","","","","","","",
"10280","IBARLENARDO","","","","","","","","","",
"46023","VALENCIA","","","","","","","","","",
"ALORA","ALORA","","","","","","","","","",
"45310","VILLATOBAS","","","","","","","","","",
"29004","MALAGA","","","","","","","","","",
"11179","CANTARRANAS (VEJER)","","","","","","","","","",
"36940","GALICIA","","","","","","","","","",
"41218","QUILLENA","","","","","","","","","",
"07800","IBIZA","","","","","","","","","",
"19208","OLVERA","","","","","","","","","",
"29190","PUERTO DE LA TORRE (MALAGA)","","","","","","","","","",
"52006","MELILLA","","","","","","","","","",
"20014","LOYOLA (BARRIO CUARTELES) (SAN SEBASTIAN/D)","","","","","","","","","",
"6711","PG  EDE","","","","","","","","","",
"11551","JEREZ DE LA FRONTERA","","","","","","","","","",
"41005 ","SEVILLA ","","","","","","","","","",
"25191","LLEIDA","","","","","","","","","",
"48007","BILBAO","","","","","","","","","",
"LU27LF","INGLATERRA","","","","","","","","","",
"28043","MADRID","","","","","","","","","",
"20200","BEASAIN","","","","","","","","","",
"48100","VIZCAYA","","","","","","","","","",
"21006","HUELVA","","","","","","","","","",
"43202","REUS (TARRAGONA)","","","","","","","","","",
"04700","EL EJIDO","","","","","","","","","",
"28942","MADRID","","","","","","","","","",
"76000","ROUEN","","","","","","","","","",
"18340","FUENTEVAQUEROS","","","","","","","","","",
"35018","LAS PALMAS (GRAN CANARIA)","","","","","","","","","",
"45000","TOLEDO","","","","","","","","","",
"30740","MURCIA","","","","","","","","","",
"30120","MURCIA","","","","","","","","","",
"33685","ASTURIAS","","","","","","","","","",
"08017","BARCELONA","","","","","","","","","",
"08110","MONTCADA","","","","","","","","","",
"29500","MALAGA","","","","","","","","","",
"28880","MECO (MADRID)","","","","","","","","","",
"41001","SEVILLA","","","","","","","","","",
"04638","MOJACAR-ALMERIA","","","","","","","","","",
"50270","BARNEVILLE   CARTERET","","","","","","","","","",
"21130","HUELVA","","","","","","","","","",
"06870","BADAJOZ","","","","","","","","","",
"41807","ESPARTINAS (SEVILLA)","","","","","","","","","",
"28260","GALAPAGAR (MADRID)","","","","","","","","","",
"14000","CORDOBA","","","","","","","","","",
"08389","PALAFOLLS   (BARCELONA)","","","","","","","","","",
"41900","CAMAS (SEVILLA)","","","","","","","","","",
"11241","TOLEDO","","","","","","","","","",
"37002","SALAMANCA","","","","","","","","","",
"111008","CADIZ","","","","","","","","","",
"39792","HERAS","","","","","","","","","",
"37281","SALAMANCA","","","","","","","","","",
"08203","SABADELL","","","","","","","","","",
"21440","LEPE","","","","","","","","","",
"03801","ALCOY","","","","","","","","","",
"1007","CADIZ","","","","","","","","","",
"11210","ALGECIRAS","","","","","","","","","",
"28229","VILLANUEVA DEL PARDILLO","","","","","","","","","",
"46860","ALBAIDA","","","","","","","","","",
"14900","LUCENA","","","","","","","","","",
"37003","SALAMANCA","","","","","","","","","",
"10002","CACERES","","","","","","","","","",
"21410","ISLA CRISTINA(HUELVA)","","","","","","","","","",
"LUCENA","14900 CORDOBA","","","","","","","","","",
"28013","MADRID","","","","","","","","","",
"41560","SEVILLA","","","","","","","","","",
"06003","BADAJOZ","","","","","","","","","",
"29532","MOLLINA (MALAGA)","","","","","","","","","",
"28106","ALCOBENDAS","","","","","","","","","",
"11800","BARBATE","","","","","","","","","",
"46024","VALENCIA","","","","","","","","","",
"39700","CASTRO URDIALES (SANTANDER)","","","","","","","","","",
"11180","ALCALA DE LOS GAZULES","","","","","","","","","",
"02004","ALBACETE","","","","","","","","","",
"19209","VILLANUEVA DE LA TORRE","","","","","","","","","",
"08700","IGUALADA","","","","","","","","","",
"15830","LA CORU베","","","","","","","","","",
"15117","LAXE","","","","","","","","","",
"1008","CADIZ","","","","","","","","","",
"36600","VLLAGARCIA DE AROSA","","","","","","","","","",
"08080","BARCELONA","","","","","","","","","",
"28044","MADRID","","","","","","","","","",
"28850","TORREJON DE ARDOZ","","","","","","","","","",
"21007","HUELVA","","","","","","","","","",
"21100","PUNTA UNBRIA","","","","","","","","","",
"28943","FUENLABRADA (MADRID)","","","","","","","","","",
"28230","LAS ROZAS","","","","","","","","","",
"06220","BADAJOZ","","","","","","","","","",
"05600","EL BARCO DE AVILA (AVILA)","1","","","","","","","","",
"47140","LAGUNA DEL DUERO  (VALLADOLID)","","","","","","","","","",
"18620","ALHENDIN (GRANADA)","","","","","","","","","",
"06499","BARBAO (MERIDA)","","","","","","","","","",
"08018","BARCELONA","","","","","","","","","",
"41002","SEVILLA","","","","","","","","","",
"45280","OLIAS DEL REY","","","","","","","","","",
"08917","BADALONA (BARCELONA)","","","","","","","","","",
"11149","CONIL DE LA FRONTERA","","","","","","","","","",
"41808","VILLANUEVA ARISCAL","","","","","","","","","",
"14001","CORDOBA","","","","","","","","","",
"29780","NERJA","","","","","","","","","",
"21720","ROCIANA DEL CONDADO (HUELVA)","","","","","","","","","",
"07181","TORRENOVA (PALMA DE MALLOR)","","","","","","","","","",
"46520","VALENCIA","","","","","","","","","",
"33934","LADA LANGREO ","","","","","","","","","",
"48008","BILBAO","","","","","","","","","",
"29160","CASABERMEJA","","","","","","","","","",
"29005","MALAGA","","","","","","","","","",
"45001","TOLEDO","","","","","","","","","",
"12110","CASTELLON","","","","","","","","","",
"37004","SALAMANCA","","","","","","","","","",
"28541","SEVILLA","","","","","","","","","",
"10003","CACERES","","","","","","","","","",
"4450","MATOSINHOS","","","","","","","","","",
"11522","NUEVA JARILLA","","","","","","","","","",
"15800","A CORU베","","","","","","","","","",
"28014","MADRID","","","","","","","","","",
"33005","OVIEDO","","","","","","","","","",
"06004","BADAJOZ","","","","","","","","","",
"28820","COSLADA","","","","","","","","","",
"01013","VITORIA","","","","","","","","","",
"49590","FRESNO DE LA RIBERA (ZAMORA)","","","","","","","","","",
"46025","VALENCIA","","","","","","","","","",
"08329","TEIA","","","","","","","","","",
"56100","LORIENT","","","","","","","","","",
"41840","PILAS (SEVILLA)","","","","","","","","","",
"29006","MALAGA","","","","","","","","","",
"48970","BASAURI","","","","","","","","","",
"11181","OLVERA","","","","","","","","","",
"41220","BURGUILLOS","","","","","","","","","",
"28010 ","MADRID","","","","","","","","","",
"25007","25007 LERIDA","","","","","","","","","",
"48009","BILBAO","","","","","","","","","",
"28045","28045-MADRID","","","","","","","","","",
"08174","SANT CUGAT DEL VALLES","","","","","","","","","",
"37500","CIUDAD RODRIGO (SALAMANCA)","","","","","","","","","",
"08980","SANT FELIU DE LLOBREGAT","","","","","","","","","",
"43204","TARRAGONA","","","","","","","","","",
"28944","FUENLABRADA","","","","","","","","","",
"28231","LAS ROZAS (MADRID)","","","","","","","","","",
"29130","ALHAURIN DE LA TORRE (MALAGA)","","","","","","","","","",
"14250","VILLANUEVA DEL DUQUE","","","","","","","","","",
"18001","GRANADA","","","","","","","","","",
"41530","MORON DE LA FRONTERA","","","","","","","","","",
"20140","ANDOAIN (GUIPUZCOA)","","","","","","","","","",
"41003","SEVILLA","","","","","","","","","",
"08918","BADALONA","","","","","","","","","",
"08205","SABADELL","","","","","","","","","",
"11150","VEJER","","","","","","","","","",
"46800","XATIVA VALENCIA","","","","","","","","","",
"41809","OLIVARES","","","","","","","","","",
"14002","JEREZ DE LA FRONTERA","","","","","","","","","",
"25255","MANCHESTER","","","","","","","","","",
"28041 ","MADRID","","","","","","","","","",
"43142","EL ROURELL","","","","","","","","","",
"14003","JEREZ DE LA FRONTERA","","","","","","","","","",
"25","34","","","","","","","","","",
"46181","BENISANO","","","","","","","","","",
"33440","LUANCO","","","","","","","","","",
"04300","FORCALQUIER","","","","","","","","","",
"11430","EL PUERTO DE SANTA MARIA","","","","","","","","","",
"10004","CACERES","","","","","","","","","",
"82110","GERMERING (ALEMANIA)","","","","","","","","","",
"28015","MADRID","","","","","","","","","",
"11.500","11500 EL PUERTO DE SANTA MARIA","","","","","","","","","",
"45840","TOLEDO","","","","","","","","","",
"31580","LODOSA (NAVARRA)","","","","","","","","","",
"06005","BADAJOZ","","","","","","","","","",
"28108","ALCOBENDAS","","","","","","","","","",
"28914","MADRID","","","","","","","","","",
"28201","SABADELL","","","","","","","","","",
"45313","YEPES","","","","","","","","","",
"08950","BARCELONA","","","","","","","","","",
"29007","MALAGA","","","","","","","","","",
"28294","MADRID","","","","","","","","","",
"02006","ALBACETE","","","","","","","","","",
"29100","COIN","","","","","","","","","",
"11368","SAN ROQUE","","","","","","","","","",
"13600","ALCAZA DE SAN JUAN (CIUDAD REAL)","","","","","","","","","",
"06470","GUARE베 (BADAJOZ)","","","","","","","","","",
"41500","ALCALA DE GUADAIRA (SEVILLA)","","","","","","","","","",
"28046","MADRID","","","","","","","","","",
"15212","LOUSAME (LA CORU베)","","","","","","","","","",
"48010","BILBAO","","","","","","","","","",
"25194","LLEIDA","","","","","","","","","",
"11120","REBUJENA","","","","","","","","","",
"43205","REUS","","","","","","","","","",
"28232","MADRID","","","","","","","","","",
"185","GRENOBLE ","","","","","","","","","",
"11213","CADIZ","","","","","","","","","",
"33409","AVILES","","","","","","","","","",
"31270","VILLENEUVE TOLOSANE","","","","","","","","","",
"37160","VILLARINO (SALAMANCA)","","","","","","","","","",
"000000","MICHIGAN-UNITED-STATES-OFAMERICA","","","","","","","","","",
"08020","BARCELONA","","","","","","","","","",
"50180","UTEBO (ZARAGOZA)","","","","","","","","","",
"07400","ALCUDIA","","","","","","","","","",
"41004","SEVILLA","","","","","","","","","",
"08206","SABADELL","","","","","","","","","",
"22807","LOSANGLIS","","","","","","","","","",
"28821","COSLADA","","","","","","","","","",
"14014013","CORDOBA","","","","","","","","","",
"18126","ARENAS DEL REY","","","","","","","","","",
"06160","BARCARROTA","","","","","","","","","",
"08207","SABADELL","","","","","","","","","",
"30310","MURCIA","","","","","","","","","",
"41005","SEVILLA","","","","","","","","","",
"23180","PUERTO DEL REY (JAEN)","","","","","","","","","",
"14004","CORDOBA","","","","","","","","","",
"01170","LEGUTIANO (ALAVA)","","","","","","","","","",
"28450","COLLADO MEDIANO (MADRID)","","","","","","","","","",
"10005","CACERES","","","","","","","","","",
"20700","URRETXU (GIPUZCOA)","","","","","","","","","",
"41470","LEBRIJA","","","","","","","","","",
"48600","SOPELANA","","","","","","","","","",
"28729","MADRID","","","","","","","","","",
"28016","MADRID","","","","","","","","","",
"15895","TEO (LA CORU베","","","","","","","","","",
"33007","OVIEDO","","","","","","","","","",
"33100","PAMPLONA NAVARRA","","","","","","","","","",
"28109","ALCOBENDAS MADRID","","","","","","","","","",
"18220","ALBOLETE(GRANADA)","","","","","","","","","",
"41749","EL CUERVO","","","","","","","","","",
"28915","LEGANES","","","","","","","","","",
"17600","FIGUERES","","","","","","","","","",
"09230","ESTEPAR BURGOS","","","","","","","","","",
"29194","ALFARNATE","","","","","","","","","",
"11369","TARAGUILLA-SAN ROQUE","","","","","","","","","",
"20018","SAN SEBASTIAN","","","","","","","","","",
"30000","NIMES","","","","","","","","","",
"29380","CORTE DE LA FRONTERA","","","","","","","","","",
"1011","CADIZ","","","","","","","","","",
"28760","TRES CANTOS","","","","","","","","","",
"28047","MADRID","","","","","","","","","",
"14500","PUENTE GENIL (CORDOBA)","","","","","","","","","",
"11648","ESPERA","","","","","","","","","",
"21630","BEAS","","","","","","","","","",
"28140","FUENTE EL SAZ DEL JARAMA","","","","","","","","","",
"11028","MADRID","","","","","","","","","",
"21103","LEPE (HUELVA)","","","","","","","","","",
"24234","VILLAMA베N","","","","","","","","","",
"11400","JEREZ DE LA FRONTERA","","","","","","","","","",
"39300","TORRE LA VEGA (CANTABRIA)","","","","","","","","","",
"19336","PARDOS (GUADALAJARA)","","","","","","","","","",
"08734","BARCELONA","","","","","","","","","",
"18003","GRANADA","","","","","","","","","",
"15864","LA CORU베","","","","","","","","","",
"11679","BENAMAHOMA","","","","","","","","","",
"08021","BARCELONA","","","","","","","","","",
"48910","SESTAO ","","","","","","","","","",
"01015","VITORIA","","","","","","","","","",
"41780","CORIPE","","","","","","","","","",
"22002","HESCA","","","","","","","","","",
"07680","PORTO CRISTO","","","","","","","","","",
"11680","ALGODONALES","","","","","","","","","",
"04550","GERGAL","","","","","","","","","",
"40200","CUELLAR (SEGOVIA)","","","","","","","","","",
"08921","GRAMANET","","","","","","","","","",
"08208","BARCELONA","","","","","","","","","",
"18190","CENER DE LA VEGA","","","","","","","","","",
"41006","SEVILLA","","","","","","","","","",
"14005","CORDOBA","","","","","","","","","",
"36914","MARIN (PONTEVEDRA)","","","","","","","","","",
"46183","LA ELIANA ","","","","","","","","","",
"37007","SALAMANCA","","","","","","","","","",
"23460","PEAL DE BECERRO ","","","","","","","","","",
"09200","MIRANDA DEL EBRO","","","","","","","","","",
"06441","BADAJOZ","","","","","","","","","",
"41564","LORA DE ESTEPA ","","","","","","","","","",
"28017","MADRID","","","","","","","","","",
"14470","CORDOBA","","","","","","","","","",
"21600","VALVERDE DEL CAMINO","","","","","","","","","",
"33008","OVIEDO","","","","","","","","","",
"06007","BADAJOZ","","","","","","","","","",
"09004A","BURGOS","","","","","","","","","",
"28110","MADRID","","","","","","","","","",
"06100","OLIVENZA","","","","","","","","","",
"28916","MADRID","","","","","","","","","",
"13230","MEMBRILLA (CIUDAD REAL)","","","","","","","","","",
"48260","ERMUA (VIZCAYA)","","","","","","","","","",
"41130","LA PUEBLA DEL RIO (SEVILLA)","","","","","","","","","",
"29009","MALAGA","","","","","","","","","",
"11370","LOS BARRIOS","","","","","","","","","",
"18500","GUADIX","","","","","","","","","",
"11540 ","SANLUCAR DE BARRAMEDA","","","","","","","","","",
"49159","VILLARALBO","","","","","","","","","",
"28914289","LEGANES","","","","","","","","","",
"46400","CULLERA","","","","","","","","","",
"75013","PARIS","","","","","","","","","",
"28761","TRES CANTOS (MADRID)","","","","","","","","","",
"52290","SAINTE LIVIERE","","","","","","","","","",
"48012","BILBAO","","","","","","","","","",
"11649","COTO DE BORNOS","","","","","","","","","",
"2624","SAINTE FOY","","","","","","","","","",
"15307","LA SOLANA-NARON (LA CORU베)","","","","","","","","","",
"26002","LOGRONO","","","","","","","","","",
"22530","TORREMOLINO-MALAGA","","","","","","","","","",
"29660","MARBELLA","","","","","","","","","",
"07650","SANTANYI (PALMA DE MALLOR)","","","","","","","","","",
"35550","LANZAROTE","","","","","","","","","",
"06410","BADAJOZ","","","","","","","","","",
"1570","LA BARCA DE LA FLORIDA","","","","","","","","","",
"11401","JEREZ DE LA FRONTERA","","","","","","","","","",
"11130 L","CHICLANA DE LA FRONTERA","","","","","","","","","",
"45005","TOLEDO","","","","","","","","","",
"41440","LORA DEL RIO","","","","","","","","","",
"18004","GRANADA","","","","","","","","","",
"08022","BARCELONA","","","","","","","","","",
"4705086","BRAGA","","","","","","","","","",
"50740","FUENTES DE EBRO","","","","","","","","","",
"41719","PANTANO TORRE DEL AGUILA ","","","","","","","","","",
"26033","MADRID","","","","","","","","","",
"08301","MATARO","","","","","","","","","",
"29567","ALOZAINA","","","","","","","","","",
"36201","VIGO","","","","","","","","","",
"18005","GRANADA","","","","","","","","","",
"28700","SAN SEBASTIAN DE LOS REYES","","","","","","","","","",
"28080","MADRID","","","","","","","","","",
"41720","PALACIOS VILLAFRANCO (SEVILLA)","","","","","","","","","",
"41007","SEVILLA","","","","","","","","","",
"111510","PTO, REAL","","","","","","","","","",
"14006","CORDOBA","","","","","","","","","",
"12580","BENICAQLO","","","","","","","","","",
"08302","MATARO BARCELONA","","","","","","","","","",
"41100","LA ALGABA (SEVILLA)","","","","","","","","","",
"76130","MONT ST AIGNAN","","","","","","","","","",
"36202","VIGO","","","","","","","","","",
"47610","ZARATAN (VALLADOLID)","","","","","","","","","",
"11340","S MARTIN DEL TESORILLO","","","","","","","","","",
"37008","SALAMANCA","","","","","","","","","",
"03590","ALTEA","","","","","","","","","",
"10100","CACERES","","","","","","","","","",
"30870","MAZARRON","","","","","","","","","",
"28018","MADRID","","","","","","","","","",
"38000","S.C.TENERIFE","","","","","","","","","",
"23740","ANDUJAR","","","","","","","","","",
"4640","ALMUSSAFE (VALENCIA)","","","","","","","","","",
"08860","CASTELLDEFELS","","","","","","","","","",
"22500","BINEFAR","","","","","","","","","",
"07620","LLUCMAJOR (BALEARES)","","","","","","","","","",
"29010","MALAGA","","","","","","","","","",
"36140","PONTEVEDRA","","","","","","","","","",
"06380","JEREZ DE LOS CABALLEROS","","","","","","","","","",
"41410","CARMONA","","","","","","","","","",
"28669","BOADILLA DEL MONTE","","","","","","","","","",
"28049","MADRID","","","","","","","","","",
"11650","VILLAMARTIN","","","","","","","","","",
"48013","BILBAO","","","","","","","","","",
"47300","VALLADOLID","","","","","","","","","",
"26003","LOGRO벮","","","","","","","","","",
"46680","ALGEMESI","","","","","","","","","",
"15401","A CORU베","","","","","","","","","",
"09170","ST. PAUWELS (BELGICA)","","","","","","","","","",
"11402","JEREZ DE LA FRONTERA","","","","","","","","","",
"06194","VALDEBOTOA (BADAJOZ)","","","","","","","","","",
"13200","MANZANARES( CIUDAD REAL)","","","","","","","","","",
"63110","RODGAU","","","","","","","","","",
"08023","BARCELONA","","","","","","","","","",
"30002","MURCIA","","","","","","","","","",
"15153","SARDINERO FISTERRA","","","","","","","","","",
"08922","COLOMA GRAMENET","","","","","","","","","",
"29630","BENALMADENA","","","","","","","","","",
"14440","VILLANUEVA DE CORDOBA","","","","","","","","","",
"46433","SEVILLA","","","","","","","","","",
"18006","18006 GRANADA","","","","","","","","","",
"23710","BAILEN (JAEN)","","","","","","","","","",
"15960","RIBEIRA (LA CORU베)","","","","","","","","","",
"08830","SANT BOI DE LLOBREGAT","","","","","","","","","",
"29600","MARBELLA","","","","","","","","","",
"41008","SEVILLA","","","","","","","","","",
"08210","BARBERA DEL VALLES","","","","","","","","","",
"14007","CORDOBA","","","","","","","","","",
"08303","MATARO","","","","","","","","","",
"31119","TORRES DE ELORZ (NAVARRA)","","","","","","","","","",
"28980","PARLA","","","","","","","","","",
"2130","BENAVENTE PORTUGAL","","","","","","","","","",
"41907","VALENCINA CONCEPCION (SEVILLA)","","","","","","","","","",
"04118","SAN JOSE (ALMERIA)","","","","","","","","","",
"28360","CIEMPOZUELOS (MADRID)","","","","","","","","","",
"14100","LA CARLOTA (CORDOBA)","","","","","","","","","",
"36203","VIGO","","","","","","","","","",
"15619","MI벮 (A CORU베)","","","","","","","","","",
"48510","VIZCAYA","","","","","","","","","",
"33010","OVIEDO","","","","","","","","","",
"28019","MADRID","","","","","","","","","",
"38001","SANTA CRUZ DE TENERIFE","","","","","","","","","",
"11620","JEDULA / ARCOS DE LA FRONTERA","","","","","","","","","",
"11000","CADIZ","","","","","","","","","",
"45224","SESE베(TOLEDO)","","","","","","","","","",
"29631","ARROY DE LA MIEL ","","","","","","","","","",
"36141","VILABOA (PONTEVEDRA)","","","","","","","","","",
"34002","PALENCIA","","","","","","","","","",
"29011","MALAGA","","","","","","","","","",
"30530","CIEZA","","","","","","","","","",
"23400","UBEDA","","","","","","","","","",
"09140","BURGOS","","","","","","","","","",
"08520","LES FRANQUESES DEL VALLES","","","","","","","","","",
"64320","BIZANOS","","","","","","","","","",
"28050","MADRID","","","","","","","","","",
"13170","MIGUELTURRA (CIUDAD REAL)","","","","","","","","","",
"05420","SOTILLO DE LA ADRADA(AVILA)","","","","","","","","","",
"33940","ENTREGO","","","","","","","","","",
"07559","CALA BONA SON SERVERA","","","","","","","","","",
"76100","FRANCIA","","","","","","","","","",
"06226","INOJOSA DEL VALLE   BADAJOZ","","","","","","","","","",
"11310","SOTOGRANDE","","","","","","","","","",
"22005","HUESCA","","","","","","","","","",
"11403","JEREZ DE LA FRONTERA","","","","","","","","","",
"09760","QUINTANAR DE SIERRA","","","","","","","","","",
"08024","BARCELONA","","","","","","","","","",
"06009","BADAJOZ","","","","","","","","","",
"29910","TREGUNC","","","","","","","","","",
"15898","SANTIAGO","","","","","","","","","",
"08799","OLERDOLA (VILAFRANCA DEL PENEDES)","","","","","","","","","",
"30840","ALHAMA DE MURCIA","","","","","","","","","",
"26500","CALAHORRA","","","","","","","","","",
"15402","FERROL","","","","","","","","","",
